ngram,count
benefit,14
withdrawing,1
application,475
really,416
know,456
asked,47
guess,64
one,619
would,581
get,805
spot,36
experience,307
area,39
particular,28
social,39
scientist,8
done,73
anything,103
chance,127
study,66
chicago,8
cost,16
stopping,3
moving,12
phd,398
later,30
sociology,6
science,61
normal,12
step,40
make,275
deleted,149
pm,45
well,221
like,489
maph,2
program,1152
humanity,19
sibling,2
map,7
shifted,3
gear,3
since,111
accepted,216
higher,34
education,22
policy,13
dream,37
certainly,44
cash,4
cow,4
department,141
mean,150
worthless,7
hagiography,2
much,252
stronger,21
thinker,2
researcher,9
scholar,5
due,25
time,401
uchicago,4
believe,38
outright,7
rejection,288
admission,239
letter,184
said,123
direct,4
referred,3
seem,51
lot,227
combine,2
s,1
reject,50
sure,192
inquiry,4
seen,33
type,30
question,97
board,7
seems,72
factor,28
school,1135
probably,169
quantify,3
easily,10
keep,110
list,56
specifically,29
kept,10
something,186
want,347
divulge,2
varying,3
applicant,207
pool,19
year,651
might,217
hard,116
give,180
accurate,3
example,29
exactly,49
could,297
improve,86
following,14
honestly,46
say,221
budget,3
offer,174
nobody,6
perfect,24
change,47
tip,17
scale,7
worry,30
unless,62
think,399
strong,67
portfolio,14
applied,323
reasonably,3
expect,37
unexpectedly,1
poor,22
response,70
thing,262
ca,98
tell,102
bad,93
recommendation,53
although,35
empathize,2
ultimately,17
got,421
expected,18
top,198
every,73
field,252
lack,30
understanding,22
risk,11
otherwise,27
smart,12
people,433
likelihood,7
acceptance,161
maybe,147
simple,6
math,26
getting,203
rejected,329
even,284
assuming,23
average,42
needed,33
either,62
diversify,1
applying,223
many,176
realistic,11
apply,244
meet,23
standard,10
still,198
accepting,17
master,256
best,167
plan,72
wait,79
working,126
lab,130
tech,27
paid,14
possible,56
volunteer,24
try,169
next,184
extremely,28
somewhat,15
noticed,14
spite,3
decent,25
toefl,6
score,138
made,102
large,10
number,66
distracting,2
english,43
mistake,26
post,70
making,35
interview,255
sunk,2
corroborated,1
low,61
verbal,22
gre,189
international,36
nothing,73
notoriously,3
bring,9
student,345
funding,141
issue,52
training,11
grant,28
fellowship,22
u,101
available,30
citizen,5
often,38
successful,33
see,195
arranged,1
usually,67
organization,7
home,12
country,24
abroad,11
aimed,6
way,211
high,56
considering,33
gpa,295
also,347
bit,82
difficulty,5
unfair,5
end,100
needing,5
better,214
equivalent,2
option,63
europe,7
recommend,34
reapply,37
good,528
luck,141
side,25
may,201
gotten,54
cut,26
ucsf,3
us,6
cutoff,12
sometimes,52
mit,9
harvard,14
stanford,16
penn,5
lors,33
faculty,96
undergrad,142
degree,132
university,177
domestic,10
suppose,13
suspect,6
skill,39
lacking,10
biomedical,6
place,95
emphasis,1
writing,60
personal,59
statement,97
look,180
aim,6
elsewhere,20
deadline,68
passed,10
recommended,10
immunology,1
point,110
consider,61
postbacc,4
research,435
technician,6
position,88
strengthen,15
great,136
authorship,2
cell,15
paper,61
ideally,9
first,215
author,10
publication,72
least,132
independent,7
project,67
competitive,89
considered,38
competetive,3
exclusively,4
unlikely,20
admitted,36
turkish,1
however,62
term,41
borderline,3
near,11
rather,46
competition,13
almost,43
always,85
greater,6
helped,19
deal,24
quantitative,13
evidence,6
proficiency,1
standardized,4
test,25
compared,9
soft,7
concede,1
differ,7
though,152
observation,2
complicated,2
comparing,2
apple,1
orange,2
different,93
evaluated,2
depends,43
institution,43
prepare,18
consequently,1
practice,15
little,79
predictive,1
value,12
must,19
nearly,11
especially,67
op,89
pretty,115
class,128
remember,46
take,266
handful,5
receives,1
hundred,15
typical,6
stem,33
wo,83
grad,272
co,2
journal,20
differentiator,1
effectively,3
useless,9
rarely,9
provide,18
information,49
purpose,37
looked,17
critically,3
outstanding,7
toefel,4
poorly,13
written,13
pile,7
quickly,10
generic,13
help,153
review,39
typo,4
grammatical,1
error,9
show,69
sign,13
passionate,7
excellent,13
demonstrated,4
aptitude,3
missing,16
suggests,4
moderate,3
failing,4
two,184
definitely,126
put,73
videoconference,3
correct,18
performance,7
reserach,2
expereince,1
press,3
article,8
meant,20
passion,7
specific,75
anyone,51
committee,63
consuming,2
difficult,32
idea,81
interested,97
likely,89
combination,9
prepared,19
limited,19
came,28
else,74
add,20
solid,16
advice,114
need,197
comment,51
learned,28
c,49
f,3
relevant,38
course,111
minimum,33
address,14
incredibly,12
boring,2
restructure,1
significantly,14
read,51
trying,85
hit,12
major,57
career,66
forced,3
manner,3
sound,100
tacky,1
start,78
essay,17
mention,30
ranking,12
thought,105
cv,22
name,35
someone,119
fluent,5
miss,5
proper,6
tense,2
language,23
github,2
repo,1
others,72
sheer,1
candidate,87
versus,4
stand,23
gt,115
understand,47
correctly,3
using,27
percentage,8
range,20
refer,2
admits,6
understating,1
greatly,4
statistical,1
profile,27
comparable,3
reference,12
http,62
misread,1
claim,6
tends,4
hover,2
around,86
aside,16
strongly,11
favor,9
pulling,3
based,51
knowing,21
current,48
criterion,10
previous,15
relevance,1
willing,24
bet,11
work,366
aspect,16
focus,66
close,20
quant,21
dragging,4
shot,29
waaaaaaaay,1
official,23
page,5
long,57
return,2
envelope,4
email,167
received,52
mail,7
correspondence,3
hearing,10
via,11
bother,11
sending,26
postal,2
cycle,60
physic,29
congratulation,17
please,22
come,105
visit,25
sent,50
containing,1
info,21
regarding,10
followed,5
decided,27
officially,10
accept,63
opening,9
thinking,37
cool,12
telling,25
check,40
portal,3
decision,109
status,18
four,23
physical,4
big,39
fancy,2
folder,1
glossy,1
brochure,1
form,5
fill,15
religious,2
contacted,26
professor,233
within,22
told,74
quite,40
ready,21
separate,7
future,55
grateful,3
happen,41
common,44
offered,22
unfunded,16
reapplying,11
finish,17
general,39
safety,40
pi,41
sway,1
picking,7
influence,6
historian,9
anthropologist,2
interesting,29
interest,105
approach,23
named,1
r,13
peer,10
theory,11
ancient,3
conduct,1
ethnographic,2
super,27
hope,124
able,95
thanks,142
changed,16
taking,84
new,63
route,13
answer,63
fully,15
funded,34
edit,32
directed,2
person,80
uncommon,8
obviously,26
advocate,1
bonus,2
happened,34
ucsd,2
bioengineering,1
coming,20
m,60
instead,48
unfortunately,35
admit,30
petition,2
join,7
secure,3
taships,2
half,26
fund,17
quarter,2
securing,3
taship,4
requirement,29
finding,15
support,29
graduation,5
passing,4
qualifying,2
exam,14
without,82
condition,4
canadian,14
canada,17
important,65
difference,29
usa,7
pick,31
advisor,57
fact,51
mind,66
vice,2
versa,1
approve,2
dependent,5
hire,12
talked,20
potential,44
confirmed,5
wanted,88
actually,123
formality,3
true,36
various,7
alternate,4
subtle,1
state,36
straight,21
case,75
bachelor,17
becomes,4
optional,1
far,59
terminal,16
intent,4
pursue,11
majority,5
already,113
tend,17
stipulate,1
whatever,30
seeking,5
seek,4
ask,162
suited,5
msc,15
basically,39
thank,122
replying,5
going,225
effort,24
building,10
prof,67
asking,63
enlightening,3
stick,11
five,17
mcgill,5
backup,18
ended,34
several,34
friend,53
stuck,4
bsc,3
frowned,1
upon,11
convincing,2
reason,100
norm,8
huge,38
couple,36
conference,35
collecting,1
data,37
transferability,1
ten,6
subfield,12
three,61
felt,34
use,54
satisfying,2
okay,42
multiple,21
rule,14
dg,5
website,30
pull,10
string,3
benefitted,1
round,62
happy,48
attending,15
choice,112
fall,58
last,148
generally,32
right,147
thesis,26
mastered,1
ago,42
tier,19
volume,2
tick,1
box,9
publish,9
treated,3
studying,28
part,87
job,189
require,28
indeed,5
slightly,11
lower,36
heavily,11
helping,5
graduated,31
alma,5
mater,4
finalized,3
transcript,26
drastically,1
second,90
q,3
scienceish,1
emailed,13
inquiring,5
strongest,5
highly,20
qualified,32
record,24
caliber,4
additional,17
art,7
local,10
remedy,2
bottom,12
mentioned,35
bio,12
retook,8
toughest,2
overcome,7
improved,13
besides,14
retaking,13
grade,71
detail,23
reached,9
limit,5
saying,53
suggest,33
fundamental,2
gain,19
admittance,6
medical,19
illustration,8
sit,6
biology,28
upper,16
division,15
includes,6
find,120
regular,3
go,256
specialized,4
completing,5
goal,48
alternative,8
path,19
narrow,8
competing,11
managed,10
allowed,5
replace,2
subsequent,2
semester,35
b,33
forever,3
retaken,3
lucky,14
enough,129
another,107
prospective,6
improving,17
required,14
whole,38
everyone,70
bump,6
schpeel,1
intend,3
back,178
completely,27
honest,43
ta,14
indicate,9
replacement,4
listed,16
original,11
similar,64
old,24
typically,22
count,16
toward,7
rare,5
happens,38
sort,36
bankrupting,1
entire,18
magically,2
disappears,2
requires,7
administrative,1
justification,1
illness,3
crisis,3
front,4
neighborhood,1
went,71
amazing,13
gong,1
worth,62
weigh,6
follow,20
ar,1
ranked,26
interviewed,29
easy,21
never,92
indicative,4
graduate,177
anyway,31
winded,1
materialize,1
indicating,2
averaging,1
red,20
flag,17
addition,9
alleviate,1
situation,66
hurt,36
killing,2
fair,10
share,22
counted,1
lowest,7
mark,16
rest,34
mostly,29
denied,22
attempt,13
anchor,1
agree,35
gave,29
feedback,67
regardless,23
negative,11
fail,7
connection,23
perspective,22
failure,24
alarming,1
adcom,6
hear,126
personally,36
waste,10
feel,180
stink,2
drawing,8
holding,11
community,13
college,27
rigorous,4
linked,2
easier,19
ability,20
excel,2
ace,6
killed,3
order,15
override,1
uni,4
boost,19
hopefully,42
raise,6
eyebrow,1
drop,5
exclude,2
result,40
problem,59
possibly,16
ok,22
maintain,3
allow,12
le,66
stress,12
amount,20
material,18
correlation,1
success,19
bin,1
track,9
ochems,1
credit,9
w,2
level,45
genetics,3
cumulative,4
mediocre,10
subsidized,1
german,3
double,5
starting,19
biophysics,1
compensated,1
ra,23
employee,5
challenging,3
free,18
sexy,1
undergraduate,26
admittedly,3
gres,14
necessarily,21
abandon,2
according,7
terrible,14
predictor,2
reaearch,1
horrible,8
gap,14
bos,2
let,78
hi,14
hopkins,8
teacher,11
breaker,2
piece,13
wow,19
decrease,3
life,86
session,3
showing,3
background,34
figure,29
basic,14
subject,19
matter,52
plant,3
bird,1
etc,75
series,3
botanical,1
compiled,1
book,12
loved,8
outcome,10
unheard,2
open,36
note,15
concerned,7
write,51
explaining,9
fine,34
awesome,24
begin,8
oh,35
impression,16
weighed,3
equally,4
single,16
fun,9
assembled,1
professional,30
journey,4
illustrator,1
gon,21
na,25
crossing,1
finger,7
exciting,1
formal,9
plus,20
shoutout,1
helpful,35
whether,63
week,67
today,23
poi,32
contact,75
throughout,9
process,85
notified,2
head,29
directly,21
oxbridge,4
fairly,18
declined,3
curious,20
differs,4
cafe,22
survey,4
scraped,1
excited,14
downside,2
attribute,2
gradcafe,40
download,1
csv,1
nerd,1
graph,1
google,6
automatically,5
creates,1
sheet,1
explore,3
scrape,3
permission,2
extraction,1
prior,12
consent,1
site,9
prohibited,1
copyright,1
database,1
regulation,1
yeah,72
wanting,9
consistency,1
engineering,21
related,31
incomplete,5
yet,88
doubt,22
driven,4
adding,6
user,3
currently,27
behind,11
updating,2
discussion,6
input,14
talking,40
hardly,2
inconsistency,1
wording,3
seriously,28
datapoint,1
sop,50
lor,16
giving,14
pointer,3
identifying,3
calibre,1
compelling,4
hook,1
substance,1
adjective,1
quality,12
described,3
opposed,7
confidentiality,1
neutral,1
diversity,5
cause,7
predict,2
extension,2
progress,2
style,2
factored,2
sense,40
diamond,2
decide,31
useful,24
seeing,11
certain,30
send,94
notification,8
knew,29
sorry,84
news,42
dozen,4
depending,18
along,18
wrong,57
ridiculously,4
day,79
encouraging,4
frank,2
receiving,7
request,12
contemplating,1
nuisance,1
busy,13
diagnose,1
file,6
wrote,24
identify,11
ignore,7
politely,6
notify,4
writer,24
boat,27
except,19
weekend,25
chair,14
chaperone,1
replied,4
line,28
academia,36
thin,5
skinned,2
irresponsible,1
cowardly,1
radio,5
silence,10
candidacy,3
move,30
forward,23
call,31
encourage,6
lose,19
discus,17
respectful,3
harm,4
variety,8
app,24
involve,2
slot,9
realistically,4
fix,9
assistantship,7
ohio,3
impressed,4
princeton,3
guy,29
anticipate,1
instance,7
european,6
history,73
expert,3
swooped,1
jerk,4
inviting,4
jaw,1
hell,10
beast,1
chinese,2
proposed,7
marginal,2
balancing,2
ratio,3
weird,11
stuff,39
attended,6
liberal,3
submitted,17
sounded,2
strange,4
pas,10
stats,44
sneeze,1
sample,24
search,19
fit,163
stressful,8
waiting,64
word,43
nut,1
past,43
context,16
failed,6
georgia,2
feeling,27
confident,14
impressive,10
complimentary,1
published,19
damn,12
gsu,1
dept,3
kentucky,1
phenomenal,2
director,15
heading,2
suck,40
hour,26
stated,6
schmuck,1
ahghhh,1
zero,9
significant,12
dropped,7
uk,14
aw,3
kill,10
duo,1
undo,1
academic,70
excellence,1
dealbreaker,1
bioscience,3
set,45
apart,4
clearly,8
articulate,2
away,27
percentile,18
retake,28
depend,11
pub,8
thats,8
surpass,1
persistence,3
regarded,4
positive,39
viewed,2
unfavorably,1
outlined,2
communicating,2
choose,17
reach,41
thoroughly,4
concise,2
genuinely,2
caught,6
eye,5
develop,5
explain,18
weak,17
enthused,1
include,9
tutor,2
outlining,2
space,7
internal,4
politics,6
employer,11
love,45
imagine,20
casual,5
conversation,17
hey,30
yadda,2
sheee,1
relief,4
seconding,4
somebody,7
weakness,19
liked,13
chose,13
extend,3
guarantee,11
heard,82
fewer,3
usual,2
define,2
ever,31
utilize,1
motivate,3
season,11
kind,66
commandantskip,1
appreciate,23
hoped,5
motivation,9
nice,26
twice,7
waitlisted,18
xmas,1
alone,16
dinos,1
remaining,11
safe,12
hang,12
man,34
popup,1
torn,2
ah,8
discipline,16
screye,1
darn,2
optimism,3
biochem,5
hbu,1
necessary,18
needle,1
concentrate,3
hand,21
worrying,14
onwards,1
ooh,1
anthropology,10
yep,4
employ,2
encouragement,6
glad,19
ha,1
despondent,1
cheer,5
wish,38
late,39
woman,8
talk,67
communicate,2
adviser,9
networking,7
meeting,11
office,13
simply,34
talented,3
secondly,1
looking,90
known,8
financial,6
aid,3
finally,24
attend,25
message,9
blame,6
measure,4
self,9
land,7
struggling,3
frame,2
impediment,1
experienced,7
everywhere,25
unfortunate,4
attitude,5
biggest,15
contributes,1
saving,7
money,59
setting,5
achievable,1
constantly,3
boyfriend,7
eight,3
emotional,1
moment,19
broke,2
tried,31
started,29
plate,2
preparation,4
age,13
dude,11
outlandish,1
outside,28
swiss,1
cheaper,3
knock,2
wood,2
pep,1
reminded,2
death,4
trained,1
brought,3
assumption,4
identity,6
become,16
tied,4
expectation,10
clear,21
leading,4
anyways,8
harder,14
funk,1
defeatist,1
worse,24
somewhere,42
counseling,24
universe,5
disappointed,8
challenge,10
fucking,15
absolutely,30
bubble,2
full,34
obstacle,3
detour,1
intelligent,3
system,18
deny,3
turned,20
elderly,1
finishing,10
diploma,1
called,13
war,8
raising,1
family,17
race,10
marathon,2
quicker,1
george,5
washington,4
detrimental,1
productive,10
opposite,7
depression,8
breathe,1
focused,14
prioritize,4
slow,3
mental,20
health,31
timeline,7
happier,2
freer,1
cutting,1
loose,3
longer,22
real,43
kinda,9
leaf,3
located,3
plenty,25
csu,1
california,3
chemistry,8
biochemistry,5
sold,2
wasting,2
bias,4
towards,18
implied,4
live,13
texas,2
living,11
assistant,20
pay,32
livable,1
basis,8
enrolled,5
georgetown,1
stellar,19
wound,3
seemed,11
partial,2
scholarship,13
august,6
sooner,4
removed,5
link,10
duplicate,1
prep,7
worked,67
appealing,4
visiting,12
vibe,4
complaint,1
underwhelming,1
apps,26
there,4
learn,25
smaller,6
overall,18
permanent,2
national,7
as,16
pgre,12
assessment,5
select,1
group,19
berkeley,6
caltech,3
monopoly,1
physicist,1
tenured,2
foggiest,1
action,11
industry,55
recognition,6
month,73
took,54
relatively,8
given,44
concerted,1
disposal,1
meaningful,7
desired,4
presumably,5
anywhere,23
spectrum,1
readily,2
stop,24
impact,11
bust,2
leave,14
spending,6
extra,21
substantially,2
rewarding,1
outlook,1
astro,1
left,16
resigned,1
rough,13
meantime,11
restudy,1
worst,27
charm,3
becoming,9
compete,4
astronomy,1
husband,3
forfeit,1
divorce,1
everything,43
content,8
earn,4
ahh,1
panic,5
definitive,2
folk,11
thread,15
forum,6
report,7
emailing,17
coordinator,9
unreasonable,1
mailed,2
soon,29
ugh,3
saw,23
held,9
literally,20
oklahoma,1
nevada,1
geology,1
inquire,4
dec,5
april,18
promise,3
span,1
truth,5
bothered,2
makeup,3
barely,14
gained,5
improvement,9
spend,13
regret,9
learning,23
led,4
opportunity,56
academically,9
prove,17
beyond,9
obtain,7
eventually,24
enroll,9
overlooked,1
story,25
avenue,4
fantasy,1
progressively,2
decade,1
supervisor,30
freshman,2
involved,17
cultural,5
leadership,2
president,1
nation,1
wide,6
engage,2
campus,5
event,11
planning,17
public,15
speaking,11
organizational,3
confidence,7
none,10
solely,3
acceptable,8
evaluate,5
totally,26
anyhow,1
additionally,3
viable,5
tactic,2
aware,10
specialist,3
favorable,4
prospect,8
heart,15
management,3
care,53
extracurricular,2
v,7
awa,2
programme,4
ucsc,1
bioinformatics,6
yes,80
qualify,8
lol,28
listen,6
upset,4
thus,8
inferior,1
vet,1
therefore,3
logic,10
erasing,1
ignorance,2
world,39
poster,13
toodles,1
icy,1
road,6
salt,7
um,2
everybody,7
bare,2
crossed,7
prerequisite,3
thousand,6
haha,23
entitled,6
opinion,28
defence,1
honey,1
pretentious,1
rubbing,1
sub,12
arrogant,6
accomplishes,1
displayed,1
accomplished,3
ignoring,1
reply,35
keeping,6
missed,6
total,15
iirc,2
wholly,1
trajectory,5
truly,14
miserable,7
occured,1
naive,3
clinically,1
depressed,8
crushed,4
scrambling,1
random,12
stranger,4
downvoting,1
technically,6
acurate,1
asshole,4
served,6
preparing,7
univs,1
found,35
vote,3
hate,12
posting,12
assumes,2
accepts,7
applies,6
seat,5
downvoted,2
upenn,3
pocket,2
crazy,8
golden,2
loan,12
debt,12
brand,2
expense,3
imo,7
unc,2
ivy,23
league,12
edm,1
salary,2
doubled,1
netting,1
earnings,1
met,14
survive,6
actual,18
swing,2
pass,1
individual,19
final,12
increase,14
max,1
reu,6
perhaps,38
varies,11
experimental,4
psychology,49
cast,8
net,8
distinguish,2
dubious,1
online,17
reputable,4
continue,21
continually,3
hurdle,4
divide,1
gone,10
guessing,6
running,8
departmental,3
invite,18
ucscs,1
invited,11
differently,14
counterexample,1
unclear,3
beforehand,5
informed,1
ahead,19
nope,7
assume,29
provided,9
decline,11
vacancy,1
comp,4
sci,4
oriented,7
entirely,9
mathematics,1
mfe,1
practical,6
business,9
ran,2
gender,5
serious,20
population,2
bunch,14
female,3
considers,1
ensure,3
mentored,1
margin,1
rate,18
complain,3
picture,7
identical,1
minority,2
unlike,1
internet,4
mutually,1
exclusive,3
weight,9
team,7
par,3
funny,5
hired,5
mensrights,1
white,7
offense,3
stating,4
belonging,1
happening,7
coin,2
toss,3
incoming,4
asian,3
edge,3
cleared,1
proven,2
qualification,10
phrased,1
incorrect,1
expertise,1
ethnically,1
culturally,1
knowledge,20
among,8
uh,1
illegal,1
appears,3
controversial,1
careful,3
neutrally,1
offend,1
calm,4
relentless,1
circumstance,11
reconsider,2
polite,13
reassurance,1
concrete,3
proactive,6
lied,1
citizenship,2
felony,1
welp,1
occurs,2
package,14
quick,12
guaranteed,6
congrats,23
murder,1
shoot,9
tonight,3
intentional,2
stupid,15
vacation,1
recover,1
enjoy,9
shit,24
game,18
including,23
break,16
beat,11
hobby,2
compiling,1
angry,6
definite,3
subreddit,5
third,12
uc,5
davis,3
manuscript,3
submission,6
aka,1
geographically,2
emotionally,4
charged,1
lessening,1
frustrating,5
scientific,5
judging,5
username,2
neuroscience,7
impossible,10
csus,1
cognitive,1
perception,2
vision,5
afford,12
ma,7
prefer,8
night,6
fondly,1
picked,11
broaden,2
calling,6
reading,26
donald,1
asher,1
misunderstood,2
describing,1
short,23
pursuing,14
validating,1
shoe,4
date,19
taken,16
despise,1
financially,2
aligned,6
closely,8
communication,10
match,19
june,5
struggle,12
chat,7
novel,1
tackle,2
unemployed,3
awhile,4
wage,3
tea,1
volunteered,2
outreach,2
ton,33
sadly,5
achieving,1
finished,11
depressing,3
wonder,12
zoology,1
aquatic,1
ecology,4
suffered,2
privilege,1
questionnaire,1
product,3
designing,2
buy,6
design,3
display,1
vr,1
perceptually,1
door,10
landing,2
associating,1
performer,1
asset,5
screening,2
company,9
accomplish,6
doubly,3
downvoters,1
misinterpretted,1
represents,1
ux,1
odds,15
dud,3
human,11
broad,7
doer,2
succeed,12
gaze,1
navals,1
produce,5
liability,2
demonstrate,8
deliver,1
direction,17
deciding,5
sincerely,7
successfully,8
appeal,8
despite,19
ceo,1
fault,8
charge,13
play,11
respond,20
scenario,7
rethink,1
topic,26
covered,1
mainly,8
behavioral,4
technical,7
algorithm,6
structure,7
rank,15
lost,10
forgot,6
stumbled,1
blocked,2
conditional,1
probability,6
doubted,2
statistic,16
represented,1
award,7
imaginable,1
crybaby,1
reviewing,6
overlooking,1
nature,4
capable,13
supervising,1
invaluable,4
proposal,12
locked,1
framework,3
unis,2
financing,1
fierce,2
labour,2
panning,1
planned,3
reassessing,1
waitlist,27
commit,3
posted,16
limbo,5
wise,5
faq,4
refrain,1
combined,6
february,16
january,22
march,19
comparatively,2
quiet,2
indicates,2
lull,1
holistic,4
im,15
hesitant,3
dress,2
avoid,9
paying,16
amp,21
workin,1
afraid,9
minded,1
translation,2
fear,6
kicking,1
dressed,2
code,1
entry,3
figuring,5
surprised,14
clarify,3
lest,2
pluck,2
anecdote,2
insight,10
yale,2
ucb,1
inflation,1
reality,13
buddy,4
supposed,11
card,4
delusional,1
leaning,2
fortunate,3
electrical,3
northeastern,2
reveal,3
appease,2
colleague,4
irrelevant,2
notice,8
engaged,1
exchange,2
extraordinary,5
stanfordboy,1
sam,2
harris,2
dick,2
embarrassment,1
embarrassed,10
surrounded,1
convo,1
ice,5
cream,6
mint,2
strawberry,3
flavor,1
subpar,5
eat,5
hankering,1
lesser,1
prestigious,15
drove,2
crop,2
objective,3
standpoint,2
recognizing,2
mismatch,1
wonderful,6
x,25
pointless,2
pushed,3
star,4
lie,5
control,12
embarrassing,4
possibility,17
umbrella,5
determined,3
inferiority,1
complex,2
commuted,1
favored,1
rotate,2
girl,3
pain,8
hometown,1
becuase,1
fuck,17
defines,1
vague,4
parameter,2
pace,1
whilst,4
reasonable,10
socially,1
constructed,1
pragmatic,1
speed,3
trouble,8
interacting,2
destroy,1
healthy,3
trauma,1
betrayed,1
comfortable,7
coffee,3
shop,1
gym,1
pressure,6
forget,10
tiny,3
interaction,8
morale,1
preference,1
animal,3
shelter,1
conservation,2
easement,1
yoga,2
morning,5
realize,22
wasted,5
anxiety,22
nonchalant,1
economics,13
economist,2
mine,21
ap,1
micro,1
gaining,5
applicable,9
contributing,3
ai,9
yer,1
discouraged,9
responded,8
bouncing,1
sf,1
oakland,1
bay,1
alternating,1
homeless,2
stable,2
fee,9
six,8
determination,2
bummed,3
joining,2
workforce,1
scared,1
awkward,2
ya,7
laugh,5
diane,1
lean,1
wan,4
extenuating,3
yesterday,9
filled,6
earliest,2
promised,2
exact,14
peep,1
umich,2
uiuc,11
toll,4
sanity,1
bud,2
visited,5
butt,3
affect,6
previously,11
reported,4
electronically,1
proof,2
crucial,1
latin,1
america,3
analysis,8
scored,1
respectively,1
showed,5
minimizing,1
pulled,3
proud,3
instilled,1
lt,8
frustration,3
vent,3
correlated,1
tough,20
notch,2
absurd,1
binomial,1
used,29
emo,1
luv,1
bub,1
korg,1
volca,1
fm,1
price,1
observatory,1
town,3
city,6
internship,13
exist,10
immediately,10
fly,4
pgres,1
strike,3
slowly,2
facing,3
spent,29
invested,3
conflict,5
obtained,2
reaching,9
conclusion,6
cuz,5
isnt,1
tempered,1
scarce,1
nine,6
unusually,1
secret,1
noise,2
partly,6
targeted,2
exceptional,3
associated,1
putting,8
hurting,2
fourth,7
consideration,19
checked,5
supply,2
intention,9
ripoff,1
tmt,1
cover,9
tuition,13
modest,1
stipend,8
profit,5
scam,1
meaning,6
enhance,3
separately,2
priority,6
cautious,2
elaborate,5
hahaha,2
requesting,3
alerting,1
checking,12
placed,1
café,1
peace,3
summer,23
early,27
mid,4
stretch,1
sometime,2
stung,2
dose,1
realism,1
wave,12
initial,12
roster,1
initially,5
anticipated,2
turn,16
matriculating,1
hardest,4
interviewee,3
cookie,2
swallow,1
grain,5
affords,1
bulk,1
teaching,15
doctoral,8
suggested,15
hesitation,2
drawback,1
accomplishing,1
benefited,1
became,4
knowledgable,1
built,5
relationship,16
together,18
frankly,3
grew,1
strengthened,3
considerably,1
selectiveness,1
ascertain,1
stepping,1
stone,3
disagree,6
cohort,5
manager,7
dipping,1
rent,1
food,5
entering,6
assistantships,2
specify,5
eligible,1
definately,1
trade,1
increased,3
expecting,7
shortlisted,1
surely,3
blindly,1
anthro,4
fast,7
yikes,1
importance,4
hubris,1
exception,10
dunno,5
methodology,7
ug,1
anybody,3
small,25
worried,21
dumb,4
wondering,14
calculation,1
friendly,4
reputation,7
expensive,8
scene,1
strategy,12
submit,9
specified,2
collegenet,3
classification,1
thorough,4
recommender,3
scoring,1
matrix,2
across,15
extensive,3
assign,1
member,21
receive,16
queue,1
reviewed,11
per,9
november,3
scan,1
surface,3
component,4
accordingly,1
rating,1
recommenders,12
account,15
switched,4
rec,15
didnt,7
constructive,5
method,12
jan,4
align,5
rice,4
political,9
feb,2
rolling,11
middle,14
competitiveness,2
crap,7
offset,6
market,11
fan,2
literary,1
theorist,2
despair,2
angst,1
ending,3
fantastic,5
brutal,2
wont,2
flip,3
ridiculous,6
million,7
shithole,1
teh,1
dont,15
cope,4
drinking,1
habit,4
amusing,1
assumed,8
btw,4
desperate,5
widely,6
lit,6
blue,3
afternoon,2
chin,3
jd,2
legal,4
literature,11
speciality,1
idk,6
liver,1
homework,2
judge,4
ucincinnati,1
slu,1
unnecessarily,2
rude,4
vanderbilt,2
sell,7
presented,5
umaine,1
reknowned,1
particularly,7
cared,1
location,3
assure,3
tragedy,1
adage,1
unturned,1
overemailing,1
falling,1
touch,8
lay,2
roadmap,1
shitty,19
understandable,6
joy,2
consistent,3
pattern,4
united,2
si,1
inconsistent,1
stay,26
stressing,2
waitlists,10
handed,3
sends,2
determinant,1
update,9
whereas,3
discussing,5
collaboration,3
house,3
logistics,1
coordination,1
responsibility,2
interactive,1
memorable,2
eclipsed,1
probablity,1
decides,2
sarcasm,2
sarcastic,2
hedging,1
pending,5
suffice,1
studied,5
ucs,2
uma,3
taught,6
essentially,9
stack,3
becasue,1
notion,1
devoted,1
forming,2
inferred,1
unethical,4
deplorable,2
officer,7
lazily,2
deeper,4
protest,2
shame,4
scoff,2
broader,7
duty,1
tending,1
perform,3
expedite,1
nears,1
extreme,5
ride,2
whale,2
sucker,3
subsidize,1
win,4
light,5
player,2
thankless,1
potentially,11
task,2
distributed,2
ground,4
spin,1
victim,2
constraint,2
quirky,1
flaw,5
motivational,1
element,3
bullet,4
speak,11
waiver,3
shared,2
advantage,7
main,19
welcome,6
arrange,1
threshold,4
amherst,2
reevaluate,3
impolite,1
dear,5
relieving,1
explicitly,5
checker,1
hehe,1
lady,2
pushy,1
appropriate,14
universally,2
seeming,3
staff,5
copying,1
pasting,1
merge,1
manually,1
typing,2
room,5
issuing,1
source,8
buckle,1
trust,18
believed,3
investing,2
sentiment,6
watch,1
lecture,3
randy,1
pausch,1
youtube,1
brick,1
wall,2
fml,1
bummer,2
teach,14
save,13
chunk,4
row,4
timing,6
blah,9
investigating,1
lacked,2
advise,6
argue,2
contacting,21
agreed,9
technology,2
beefing,3
growth,2
ongoing,2
privately,1
gearing,1
geneticist,1
assisted,1
private,6
id,4
december,16
copy,3
paste,1
bro,2
shortlist,3
unofficial,5
goldilocks,1
specialty,2
section,14
segmented,1
evidently,3
whatsoever,3
anticipates,1
safely,1
boosting,1
debate,3
alot,5
torpedo,1
ad,1
com,1
worthwhile,1
bigger,8
effect,4
annoying,6
thumb,1
adcoms,4
liable,1
ignored,2
inform,4
proceed,3
expressed,3
ubc,8
service,6
outline,2
calculated,2
n,3
ceteris,2
paribus,2
vastly,1
east,2
coast,2
geography,2
west,2
culture,13
nowhere,7
infinitely,2
friendlier,1
similarly,1
york,2
prickly,1
sum,2
base,10
hence,4
model,3
asks,2
regard,4
exchanging,1
coach,2
belive,1
randomness,1
credential,14
throw,4
concordia,2
ryerson,2
ontario,1
stopped,3
tunnel,1
disqualify,2
actively,7
inserted,1
phone,12
tracked,1
xyz,2
wider,2
skype,1
basket,2
cooky,2
psych,41
interviewing,6
cog,1
dev,1
senior,12
queen,6
waterloo,5
clarifying,3
notoriety,2
pushing,3
schoo,1
placement,4
defer,2
resource,7
center,8
comm,1
included,4
reapplied,7
hunting,5
convinced,3
uva,3
awaiting,1
fickle,1
variance,1
yr,1
cautiously,1
surmised,1
invitation,10
batch,10
parse,2
inquired,1
aforementioned,1
slower,1
shall,4
patient,3
hopeful,5
natural,3
whoever,5
locate,1
appreciated,4
cheaply,1
prestige,8
barrel,2
mixed,2
admitting,5
chosen,6
spring,7
hello,4
afterwards,1
prestigiousness,1
asap,3
painful,2
ashamed,1
casting,1
rewrote,2
importantly,4
sucked,4
fulbright,6
reflect,5
archive,2
traveled,1
target,5
solution,3
ngo,2
daunting,4
discern,1
apptitude,1
unlucky,2
dice,1
roll,5
shut,2
sad,14
pointed,3
wherever,4
comfortably,1
sharing,9
supported,3
realised,1
neither,2
defeat,3
achievement,6
sail,3
unfurl,1
jib,1
freedom,2
gust,1
adventure,1
port,2
shoal,1
nay,1
hull,1
build,18
roving,1
rove,1
god,8
annual,1
reapplication,2
serve,3
aspiration,2
employment,2
concern,10
whenever,1
institute,2
american,13
unaware,2
granted,2
researching,3
loving,5
region,2
plentiful,1
moved,4
programming,7
computational,3
unpaid,2
properly,4
skilled,1
programmer,1
relation,6
historically,2
ed,4
secondary,1
wrap,1
dual,1
beginning,7
compbio,1
blanket,2
undershot,1
overshot,2
geared,1
cohesiveness,1
suggesting,6
reflecting,1
developed,4
coursework,21
supplemental,1
legitimately,1
frustrated,3
hold,16
resentment,1
hoping,24
wedding,1
married,1
chain,1
reaction,3
responds,2
validation,2
obligated,2
format,2
insert,2
declining,2
courteous,1
elect,1
offering,9
adjust,1
courtesy,2
confirm,2
thanking,4
wished,2
upcoming,2
worthy,4
somehow,8
mentor,10
disappointment,9
wracking,1
hypothetically,2
rob,1
belief,2
meaningless,3
accomplishment,6
comparison,1
consistently,2
likewise,3
environment,13
walk,3
glance,3
forth,6
inter,2
sat,7
ranging,1
finalize,2
nsf,4
nih,7
bearing,2
adaptable,1
beating,2
throwing,4
pity,1
party,3
kid,8
selective,3
elite,3
black,6
whoa,4
shutting,1
bomb,1
beneficial,4
delighted,1
avoiding,3
prestigous,1
earth,3
mindset,7
perfectly,5
aghast,1
rightfully,1
precisely,2
kick,4
silently,1
shove,1
ass,4
edited,3
heartbreaking,1
assuredly,1
introverted,3
shy,2
suggestion,14
confirming,1
ball,5
weaker,4
exceptionally,1
transferring,1
justifiable,1
crapshoot,7
arbitrary,3
niche,4
therapist,5
unrelated,5
asd,1
diagnosis,3
anymore,11
chubby,1
fat,2
behave,4
enthusiastic,1
uninterested,2
exhausted,2
active,8
participant,1
drink,7
alcohol,4
medication,5
interferes,2
face,13
expression,2
connect,7
candid,3
club,5
glittering,2
butterfly,3
bullshit,4
trusting,1
argument,5
cunning,1
sociopathic,1
fake,3
highlight,2
claimed,1
participated,2
ut,5
houston,1
gsbs,1
pittsburgh,2
florida,4
uth,1
confused,5
personable,1
likable,3
fucked,4
upfront,1
explained,6
idp,1
reluctant,1
burning,5
bridge,10
apparently,9
woke,1
mugged,1
aloof,4
unintelligent,1
clue,1
subjective,2
judgment,1
albeit,3
extent,4
mannerism,1
huh,1
nervous,5
lord,1
drain,2
judged,2
merit,2
anonymous,1
reddit,10
key,4
quit,4
experiment,2
personality,7
nailed,1
maturity,6
supposedly,1
uptight,1
introvert,4
ocd,1
boot,2
hosted,1
dinner,1
occasion,2
ate,3
stood,2
listening,3
intellectual,3
noticeable,1
defensive,4
determine,5
overtly,2
manage,6
whose,7
interact,3
insinuate,2
bold,2
overdid,1
underdo,1
memory,2
biased,4
fidgety,1
physically,3
cried,7
defect,1
die,3
carry,5
wretched,1
petty,4
getter,1
laid,6
balance,6
hiring,5
table,3
government,11
organizing,3
retreat,1
trip,4
genuine,6
extended,2
period,7
network,15
grand,1
scheme,1
openminded,1
beggar,1
chooser,1
strength,6
commenter,2
dismissive,1
consciously,1
breadth,1
mode,3
brain,4
character,5
guilty,3
joking,1
unlikable,1
disliked,1
misfortune,1
dating,2
hated,3
justifiably,1
frequently,4
jllunsfo,2
pointing,4
behavior,7
introspection,3
grow,9
mature,1
overweight,1
aerospace,4
burger,2
mickey,1
d,1
xxxxx,2
yyyyy,3
switch,2
characteristic,1
alive,3
figured,10
highest,2
spelling,3
rumor,1
anecdotally,1
glairing,1
kiss,3
subsequently,1
primary,7
advanced,5
interviewer,3
technique,3
convey,2
sight,2
pursuit,2
reassert,1
losing,6
settled,3
continued,6
persisting,1
realizing,1
wavering,1
continuing,2
chocolate,6
wallowed,1
distract,3
drive,4
favorite,4
comfort,3
therapy,8
vodka,1
juice,1
shock,1
deeply,6
primarily,3
retrospect,2
rewriting,1
revising,1
moreso,1
nonacademic,1
publishing,7
blog,4
podcasts,2
till,6
reframing,3
evaluation,4
referendum,1
doc,3
commiseration,1
moped,1
drank,1
wine,1
productivity,1
rejecting,8
flex,1
obvious,2
audition,1
initiative,3
closer,5
recent,11
discourages,2
counting,5
pessimistic,2
effective,6
wary,1
blacklist,1
tailor,3
odd,4
disingenuous,1
playing,6
nuanced,1
cited,2
length,3
depth,1
sweet,5
ups,1
abc,1
role,11
incorporated,1
connects,1
contribute,5
brief,6
closing,1
closest,3
theoretical,8
methodological,3
alright,8
silly,5
dare,1
e,1
z,2
detailed,7
realized,11
pitch,2
glossed,1
rigid,1
researched,3
umm,1
domain,1
present,15
agency,3
philosophy,9
verify,2
aligns,3
intended,1
surrounding,2
phase,1
tentative,1
introduced,1
lag,4
attachment,1
abuse,3
act,3
protective,2
developing,3
psychopathology,1
nail,2
strictly,2
irritating,4
sentence,4
expressing,2
irritated,1
etiquette,2
clinical,33
child,3
cling,1
redrafting,1
tear,2
overlap,3
demanding,2
advance,8
medium,4
platform,1
foundation,2
encourages,1
mad,2
bogging,1
procedure,1
focusing,7
youth,2
nearby,2
border,1
emotion,3
development,8
adolescent,2
childhood,1
accessing,1
bizarre,2
historical,6
situate,2
spoken,6
root,1
pinpoint,1
song,1
sintra,1
nina,1
simone,1
aap,1
log,1
kya,2
samjho,1
ka,1
dukh,1
sob,1
bhai,4
samjhata,1
hun,1
ye,1
rahe,1
mere,1
iit,2
nit,1
sab,2
kuch,1
badal,1
diya,2
tha,1
salon,1
ne,1
cat,6
ko,1
computer,13
bana,1
toh,2
gaye,1
laude,1
uske,1
baad,1
kam,1
kiya,1
fir,1
ghar,1
pe,2
aya,1
dobara,1
dene,1
ke,1
liye,1
gand,1
gayi,1
mera,2
i,1
hai,1
ki,2
aab,1
bataun,1
shakha,1
jao,1
aur,1
jo,1
bole,1
karo,1
wahi,1
bacha,1
rah,1
gaya,2
roz,1
basad,1
kafi,1
aaya,1
fati,1
padi,1
thi,1
kabse,1
spirit,4
updated,4
admire,1
positivity,2
france,2
french,1
sloooowwwwllyyyy,1
bouldering,1
soul,5
crushing,4
pessimism,3
driving,2
load,4
complete,10
glaringly,1
thrown,3
dimming,1
freak,3
desperately,1
justify,3
energy,6
remain,4
grieving,1
netflix,1
miracle,1
slight,5
wallow,2
peeved,1
onto,3
minute,5
began,4
snooty,1
obsession,1
obsessively,1
cry,6
expand,2
repeat,3
nada,1
dark,4
oscillating,1
wildly,3
maintaining,1
relax,9
regroup,2
law,11
bleh,1
bombed,3
tired,1
unmotivated,1
pouting,1
aww,1
kindred,1
whoooooo,1
noting,3
incognito,1
startup,2
overshadow,1
curse,1
goddamn,1
everytime,2
insanity,1
cant,1
amazon,1
lead,7
chilled,1
forcibly,1
walled,1
guarded,1
pedantic,1
gandalfs,1
coinmarketcap,1
watching,2
crash,1
renamed,1
specialize,2
warned,3
advised,5
waited,4
regretting,1
oftentimes,1
worldwide,3
parent,2
facility,3
overwhelming,2
yepp,1
ik,1
wealthy,1
wealth,1
subset,1
strive,1
xd,1
tempted,1
revel,1
soooo,2
pov,1
valentine,3
rose,1
classic,5
sting,3
seattle,3
optimistic,6
noooo,1
lmfao,1
weirdly,1
cheering,1
wearing,1
shirt,1
tack,1
bryn,3
mawr,3
confusing,1
antsy,1
block,2
thursday,1
expanded,2
jinxed,1
todat,1
ooof,1
ouch,4
pouring,1
establishing,1
boundary,1
friday,4
hitting,2
sprint,1
nerve,3
curiosity,5
dissertation,8
competency,1
foreign,2
honing,1
ticket,1
tutoring,1
overseas,3
native,1
atypical,1
unclassified,1
propose,2
rutgers,2
nyu,3
cuny,1
fordham,2
washu,1
duke,3
northwestern,2
hunter,1
former,8
consultant,3
preferable,1
convenience,1
educated,1
cousin,1
james,3
madison,1
provides,2
unable,6
shortly,1
encouraged,3
ie,3
apology,4
burn,1
displaying,1
extraordinarily,1
normally,6
formally,1
discussed,2
gossip,1
immature,2
burned,4
travel,3
apologize,3
hacked,1
fakenews,1
jk,1
yea,4
heat,2
impulsive,2
representative,3
heartfelt,1
acted,1
unprofessional,3
childish,1
sabotaging,1
sabotage,1
handle,13
lesson,6
apologizing,2
remorse,1
workplace,1
voice,1
critiqued,1
careless,6
thimbleful,1
adult,5
smarter,2
lash,2
spoiled,1
fifteen,1
precious,1
unique,4
gift,1
heaven,2
coddled,2
professionally,4
stunning,1
brave,2
burnt,1
minor,8
smooth,1
psa,1
capacity,3
merely,5
providing,2
shem,1
promptly,1
educate,1
hilarious,1
sauce,1
semblance,1
professionalism,1
yo,2
hyps,1
obsessing,1
occupied,2
pleasant,3
surprise,3
stream,2
cmu,2
enrolling,1
offsite,1
shenzhen,1
floor,1
helpless,1
weep,1
searching,2
external,5
bringing,1
barrage,2
mix,2
indicated,2
hottest,1
shat,1
insulted,1
sake,5
forgotten,1
swore,1
sleep,5
waking,1
heaviness,1
lasted,1
devastated,5
lifestyle,2
downvotes,1
lil,1
offhand,1
sensitive,1
tone,4
brag,1
remind,6
equal,2
fighting,2
condolence,1
warming,8
correlate,1
implementing,2
implement,1
misery,3
comforting,1
recently,8
anxious,10
mentally,5
exhausting,2
yield,3
protecting,1
begun,4
reworking,1
tight,4
latter,6
version,6
lately,2
swift,1
skyping,1
quote,3
seneca,1
suffers,3
embarassed,1
agonizing,1
luckily,1
lined,3
ambitious,4
glowing,2
setback,1
drag,2
optomistic,1
broadening,1
disadvantage,2
switching,2
undertaken,1
examine,1
addressed,6
neglected,2
comic,3
strict,3
competently,1
analyse,2
rushed,1
rereading,1
utter,1
earlier,11
suspicion,2
blessing,3
disguise,2
warn,1
stimulates,1
keen,2
econ,6
consulting,2
environmental,4
economic,22
analyst,1
marketing,2
sector,1
street,2
firm,2
tho,3
algebra,5
ii,1
misinterpreted,1
cheap,3
germany,5
norway,2
switzerland,3
ireland,1
eu,1
ancestry,1
austria,1
italy,2
spain,1
portugal,1
belgium,1
explored,3
goodluck,1
push,4
alumnus,3
finland,1
bac,1
taker,1
lsat,3
hl,2
biglaw,1
freaking,6
restaurant,1
inclusive,1
cruise,1
saved,6
hotel,1
dollar,3
sandwich,1
view,9
dying,5
century,7
antiquated,2
transformed,2
crucible,2
label,1
americanist,4
sexuality,3
furthermore,2
global,5
overcoming,2
paradigm,4
impacted,2
localized,1
introduce,4
ba,8
clinging,2
fell,2
brilliant,4
expansive,1
allows,3
creativity,1
pigeonhole,1
cater,1
transfer,3
gatekeeping,2
killer,1
fresh,5
absolute,3
garbage,2
berlin,1
potsdam,1
nonexistent,1
eg,1
daad,1
implented,1
foreigner,1
girlfriend,1
bu,1
boston,4
fyi,4
archival,2
col,1
finance,4
bank,3
morgan,1
interwar,1
remotely,5
marxist,7
cold,4
analyzes,1
surveillance,1
progressive,2
era,1
lens,4
guiding,1
pretend,1
superstructure,4
reader,2
contributed,3
globalization,1
capital,2
leninist,1
radar,1
misunderstanding,1
monograph,1
capitalism,3
heck,3
historiography,2
abandoned,1
purely,3
materialist,2
involving,1
dynamic,2
materialism,4
society,5
claiming,2
observable,1
tendency,1
articulated,1
karl,1
marx,2
conception,1
principally,1
producing,1
reproducing,1
existence,2
union,1
production,2
fundamentally,2
collectively,2
necessity,2
consists,2
substructure,1
comprises,1
force,1
property,1
enter,3
amenity,1
determines,2
comprise,1
power,6
ritual,1
father,2
arena,1
turning,3
invest,2
classmate,1
chronicle,1
relating,1
hm,1
euphemism,2
tbh,6
adam,1
tooze,1
destruction,1
reich,1
orthodox,1
ron,1
chernow,1
banking,4
tricky,6
committed,4
spell,1
raing,1
taing,1
exists,1
underpaid,3
partner,6
steel,1
rarified,1
enormous,2
significance,4
accommodate,1
contribution,4
corrective,1
qualitative,1
moreover,4
reintroduce,1
caveat,2
returning,3
older,2
dry,1
established,1
ignorant,2
economy,1
nominal,1
tenure,1
flung,1
deserve,4
harsh,6
nineteenth,2
dead,2
describe,2
olmsted,1
rhodes,1
baptist,1
controversy,1
announcing,1
trump,4
supporter,1
democratic,1
nomination,1
tool,2
larger,3
toolbox,1
split,2
levy,1
winter,3
ahr,1
lipartito,1
fed,1
concerning,3
understood,1
americanists,1
chalked,1
medievalist,1
accumulate,1
duration,1
medieval,3
paleography,1
defense,2
pivoted,1
commenting,1
simultaneously,1
confirmation,1
junior,3
confusion,2
referring,5
med,3
erase,1
upload,3
foot,4
mouth,1
ime,1
completed,4
np,1
cancer,2
familiar,9
refreshing,2
sadcafe,1
inbox,1
joint,2
gen,2
disclosing,1
disclosed,2
bracing,1
audacity,1
shoddy,1
forgiving,1
seminar,2
ordinary,1
instructor,2
struck,2
gut,1
rock,2
specificity,2
ee,1
ottawa,2
mattered,2
resume,26
catered,2
emphasized,2
keywords,1
ex,2
neural,2
generous,1
polish,1
followup,1
paragraph,10
sitting,2
heartiest,1
alberta,1
growing,1
centre,2
partnership,1
deepmind,1
satisfactory,1
incorrectly,1
intelligible,1
liberty,1
mext,1
selection,4
crush,2
young,7
forge,1
rise,1
shown,3
esp,1
proving,1
dust,1
commentor,1
shine,2
blunt,5
detriment,1
complaining,3
catch,4
graduating,6
viewing,2
suddent,1
sick,4
preventing,1
episode,1
clinic,3
adhd,8
bc,3
bolster,2
detract,1
overestimated,2
underestimated,1
curricular,1
addressing,3
excuse,6
handing,3
assignment,2
text,2
nighters,1
upward,1
trend,3
frontal,1
lobe,1
executive,1
function,3
governs,1
regulator,1
run,8
amok,1
disappear,1
intervention,1
evolution,2
created,2
fettered,1
disciplined,2
manifest,1
proceeding,1
gentle,2
cramming,1
forgive,1
insensitive,1
mirror,1
manifested,1
connecting,2
immediate,4
thereof,1
oppose,1
movie,1
hot,4
unfamiliar,1
false,6
usable,1
famous,1
grfp,5
hopeless,2
sole,1
motivator,1
guessed,1
gross,1
rising,1
remembered,1
clean,1
sweep,1
refused,1
fight,4
transparency,1
dropout,2
fin,2
marked,2
assist,1
bear,5
pure,8
pressed,2
cringed,2
shameful,1
yup,3
disincentive,1
administration,1
morality,1
fairness,1
frequency,1
core,1
wishing,3
respected,3
phil,1
ama,3
massive,4
outnumber,1
in,1
out,1
wallet,1
sponsor,1
depended,1
competes,1
interdisciplinary,2
unit,1
persuasion,1
security,3
revenue,1
blurry,1
insufficient,1
ingrain,1
metric,2
accreditation,2
justice,1
harmful,1
md,1
payback,1
gig,2
profoundly,1
generalizing,1
sleeve,2
gladly,3
ahaha,1
identified,1
translates,1
grown,2
blow,5
doggone,1
print,1
overthink,1
framing,1
affected,3
riddled,1
anyhting,1
capability,3
forsure,1
commiserate,1
meanwhile,1
rationalize,1
smallest,1
bloody,2
suspected,1
barring,1
stabbed,1
bite,4
funnel,1
thx,1
operates,1
listing,2
pathology,3
operating,2
popping,1
logged,2
logical,2
patiently,1
mobile,2
administrator,3
persuade,2
corrected,1
consensus,1
reassuring,1
resubmit,2
submitting,6
attention,4
tomorrow,4
paranoid,2
interpreted,2
egregious,1
adcomm,1
attack,1
unspecified,1
drawn,3
added,5
attach,2
document,10
fortunately,1
sought,1
unrealistic,1
exaggerated,1
reassess,1
lackluster,2
suppress,1
filling,1
concisely,1
compensate,3
activity,4
briefly,4
derivative,1
inability,1
corporate,1
propel,2
selectivity,1
expanding,1
gloat,1
influenced,1
accountant,1
ideal,6
valuable,7
rational,1
saturday,1
tuesday,1
predictable,1
calendar,1
terrifying,1
dwelling,2
morebeansandrice,1
unhappily,1
mold,2
commitment,5
receptive,1
se,2
whim,2
approaching,1
pragmatism,1
settle,1
sage,1
illusion,1
kickass,1
gem,1
hidden,1
plain,2
pigeonholed,1
psyd,3
revamp,2
amazingly,1
skillset,2
lurking,2
create,3
compulsively,1
statistician,1
soundly,1
presentation,9
pertinent,2
preset,1
filter,3
converted,2
singapore,1
drug,4
granting,1
adapted,1
misdemeanor,3
disclose,3
teenager,1
criminal,5
bar,8
piss,3
waived,2
roughly,1
underestimate,1
conviction,2
stance,2
federal,2
column,1
respectable,1
attest,2
expunged,3
lawyer,1
sealed,1
acquired,1
civil,1
disobedience,1
incident,1
drunken,1
stupidity,1
practicing,1
attorney,1
contingent,1
hunch,2
hefty,1
fortune,1
specter,1
prompt,1
practicum,1
hospital,3
initiate,1
designate,1
piqued,1
indication,4
uncover,1
dilemma,1
firmly,1
monstrously,1
matured,1
shrug,2
shallow,1
recs,5
sigh,1
imagining,1
informing,1
p,7
wisdom,1
trite,1
scooped,1
gambled,1
someplace,1
outset,1
chaff,1
separated,1
wheat,1
iceberg,1
clichés,1
evening,2
absorb,1
meal,1
denny,1
crane,1
alan,1
ethical,1
lunch,1
ive,1
casually,1
probe,1
formula,1
tougher,3
scrounging,1
yknow,1
studentship,1
staring,1
severely,3
structured,3
pathetic,2
solace,1
preened,1
buck,1
skew,1
busiest,1
assured,2
deserved,1
buoy,1
fellow,3
redditor,1
scary,1
pictured,1
wayside,1
belt,3
brings,2
carriage,1
horse,1
sounding,3
predictability,1
billion,1
jungle,1
eh,4
hr,6
skip,4
nightmare,2
janitor,1
bypass,1
gotcha,2
ny,1
acquainted,1
volunteering,9
shortcoming,3
ultimate,2
developmental,1
comprehensive,2
springtime,1
quals,1
mitigate,2
carefully,3
commented,1
postbac,5
fare,1
convince,3
mess,1
caution,1
concentrating,1
preposterous,1
gauge,5
serf,1
maximum,1
crowd,2
michigan,3
fsu,4
music,3
decidedly,1
googled,1
liking,1
unspoken,2
breath,3
decissions,1
ffs,1
bill,1
thankfully,1
unmarried,1
chugging,1
title,2
humiliating,1
smoke,1
homies,1
rain,1
dem,1
hoe,1
cross,3
subscribed,1
express,3
emphasize,4
brainer,1
managing,3
rehash,1
postdoc,4
survivorship,1
reducing,1
discouraging,3
trusted,2
adaptive,1
ets,5
experiencing,2
severe,2
counselor,5
ahhh,1
differentiate,1
thoughtful,1
unsure,1
dreading,1
rotation,8
cruel,3
toying,1
litserv,1
registration,1
punch,3
tendo,1
orientation,1
meanest,1
joke,2
played,2
button,1
thanked,2
pissed,1
kindly,1
alternately,1
responding,3
release,1
spoke,4
announced,1
retirement,1
soften,1
extensively,1
outdated,2
sacrifice,1
fraction,1
thankful,4
ambition,2
pan,6
faced,2
defeated,3
superior,3
existed,1
spiritual,1
faith,2
zeal,1
steadfast,1
predicament,1
trivial,1
warlockhoney,3
motivated,3
rut,1
discover,1
questioned,1
motif,1
despondency,1
reaffirmed,1
delay,5
solidified,1
resolve,1
obtaining,2
laboratory,3
john,2
certificate,1
jhu,2
resolution,1
sustainable,7
kansa,2
honor,1
moral,4
grandfather,2
fundamentalist,1
christian,1
amidst,1
depressive,1
disorder,3
generalized,1
suicidal,2
mother,1
addict,1
narcissistic,1
treatment,2
exerted,1
achieve,2
symptom,1
sinful,1
atheist,1
anguish,2
earned,3
assisting,1
slept,1
perceptive,1
supportive,3
saver,1
dignity,1
refuse,2
badly,5
mass,2
awful,3
shitstorm,1
unhappy,2
seal,1
pray,1
sympathy,1
terrified,3
pregnancy,1
reverse,3
beaten,1
er,1
eastern,4
boutique,1
supervise,1
spamming,1
intuition,1
salient,1
arguably,1
adequate,1
arabic,3
retiring,2
altogether,3
formed,1
existing,3
ngl,1
shady,2
eyyyyyyy,1
flooded,3
sniffed,1
commonplace,1
dulled,1
spam,3
nevertheless,2
analytical,1
newspaper,1
inherent,2
instrumental,1
touched,1
demonstrates,1
shooting,2
vandy,1
emory,1
consolation,2
doctor,3
satisfaction,1
atleast,1
unofficially,1
ooooops,1
practically,2
october,9
youre,4
kicked,1
evolutionary,1
panicking,4
christmas,3
stagnant,1
til,1
drew,1
mod,2
sticky,2
description,3
crowdsourced,2
dataset,2
sorted,4
gauging,2
regularly,2
faster,2
preoccupy,1
tv,1
chill,2
holiday,6
emblematic,1
academy,2
cornell,2
disgustingly,1
nauseatingly,1
mirna,1
marchish,1
slows,1
advocacy,2
reiterate,2
draw,3
ungrateful,1
cgpa,2
waive,1
mourn,1
crank,1
redirect,1
wind,5
decimated,1
dedication,2
desire,4
hugely,1
noles,1
chip,2
interestingly,1
teeth,2
punt,1
onward,1
screwed,2
flat,5
cutest,1
smile,2
tax,2
income,3
whatnot,1
weill,1
pathobio,1
pharm,1
cmm,1
incase,1
admin,6
recruit,2
unnecessary,2
farthest,1
goodness,1
overhaul,5
relied,1
organized,2
tailored,1
distribution,2
size,1
osu,1
reachy,1
device,2
tossed,1
trash,1
forwarded,2
grit,1
believing,1
grieve,2
hike,1
mastering,1
willingness,2
wtf,2
malice,1
operation,1
decipher,1
thirs,1
assistance,2
draft,6
preemptively,3
withdraw,2
paved,1
malicious,1
piling,1
condescending,1
hurtful,1
acknowledged,1
midst,1
selling,3
positively,3
chemical,1
acumen,1
slowed,1
occupy,1
intersected,1
divorced,1
catalyst,1
prize,3
eternally,1
horrendous,1
relive,1
reflected,1
bought,3
spiraled,1
collapsed,1
injured,1
grace,2
inkling,1
demand,1
compare,1
litmus,1
wustl,1
stock,1
concluded,1
devised,1
portrayed,1
selected,2
happiness,3
insecure,1
earnestly,1
deposit,1
consequence,2
backing,2
wrapping,1
eloquent,1
seemingly,1
uplifting,1
pop,1
proved,1
bravo,1
specially,2
crumby,1
seven,1
provisional,1
default,2
preliminary,2
approved,3
jump,3
strategic,1
hoop,1
innovation,1
monitor,1
intensely,1
latest,1
dean,7
authority,2
permitting,1
incredible,3
revise,2
def,1
soc,1
stage,4
hint,2
wondered,2
hmm,4
torpedoed,2
dejected,2
predictably,1
cryptic,1
doesnt,1
statemtn,1
postpositivist,1
adn,1
projected,1
interpretivist,2
criticalist,1
aint,1
bibliography,1
citing,2
yoru,2
urban,2
northeast,1
tfa,1
offs,1
panel,3
dog,2
coherent,1
buying,1
peek,2
curtain,1
irb,1
pilot,1
irreplaceable,1
youll,2
hlep,1
sour,1
fucky,1
enthusiasm,2
wet,1
unbelievable,1
heinous,1
contained,1
doubtful,1
diagnosing,1
dodged,1
revealing,1
intentionally,1
fuckyiuuuuuuu,1
bitch,1
stiff,1
apparent,1
meritocracy,1
ample,1
mentioed,1
meritocratic,1
explanation,3
talent,2
solvable,1
behest,1
investigator,1
uw,2
ucla,7
boulder,2
surprising,2
scope,1
microbiology,2
military,1
aunt,1
molecular,4
biologist,3
halfway,1
easiest,2
insane,3
indicator,2
mane,1
quota,1
exercise,1
sex,2
gently,2
ego,1
fussed,1
wallowing,1
grief,2
supporting,2
coping,1
answered,4
evaluating,1
packaged,1
cultivate,2
subtly,1
linkedin,1
repackage,4
client,3
craft,1
crafted,1
repacking,1
clarification,1
mba,6
resolved,2
critical,4
coherence,1
insider,2
eating,1
inappropriate,1
efficient,4
quirk,1
fate,1
eager,1
tanked,1
prelude,1
prepares,1
haunt,2
adjunct,1
spinning,1
circle,1
routinely,1
smp,1
special,3
completion,1
improves,1
deficient,1
patience,1
tape,1
rapid,1
constrain,2
phrase,5
resentful,1
lazy,2
ob,1
justified,2
phoning,1
lick,1
beautiful,2
rebuild,1
destructive,1
transferred,2
seamless,1
struggled,2
altoegether,1
japan,1
excepted,1
wild,1
forthright,1
leftist,1
intends,1
communist,1
anarchist,1
mocked,1
additive,1
attains,2
referee,5
distinguished,2
handled,3
mentality,4
begging,2
leftism,1
lurk,1
counsel,2
yay,2
universal,2
affecting,1
nsfgrfp,1
vouch,4
validity,1
leverage,2
afaik,1
restating,1
hug,4
thrilled,1
beer,1
hop,1
consumed,1
unhealthy,1
overhauled,1
here,1
downturn,1
baccalaureate,2
bull,1
acedemia,1
summary,2
bm,1
horizon,1
venkatraman,1
ramakrishnan,1
professorship,1
nobel,1
everyday,4
water,2
aquarium,1
zoo,2
progs,1
mate,4
unsuccessfully,1
replaced,1
approached,1
randomly,1
selecting,1
denial,3
metaphor,2
ocean,1
dy,1
huff,1
puff,1
hyperventilating,1
paddle,1
drift,1
aimlessly,1
spark,1
rekindle,1
fire,1
lighting,1
neurochem,1
irta,4
nida,1
nimh,1
fails,1
glimmer,2
flying,1
upvote,1
downvote,1
wnat,1
precedent,1
critique,2
truthfully,2
bach,1
emphasizing,1
collection,1
anki,2
principle,2
translate,2
train,4
unnerving,1
prime,1
attain,1
disgrace,1
headed,3
notre,1
dame,1
resilience,1
reviewer,2
shredder,1
splitting,1
intrigued,1
populating,1
verbals,1
apr,1
safer,2
questioning,4
rsearch,1
hindering,1
machine,2
computing,1
broken,2
empty,1
strenuous,1
itching,1
shocked,1
happily,1
window,1
non,4
whack,1
promising,2
archaeology,1
prepping,3
ban,1
acknowledging,1
restriction,1
variation,1
theme,1
nonzero,1
pertaining,1
purgatory,1
ambiguous,1
screen,1
surrender,1
pester,1
individualized,1
olympics,1
jackass,1
bios,1
modify,1
elevator,1
brush,2
intergroup,2
neuroscientist,1
trigger,1
muhammad,1
image,3
magazine,1
neuron,3
firing,1
counter,1
retention,1
dislike,2
hypothetical,1
retort,1
follows,1
collaborative,2
combative,1
originally,3
phrasing,1
acknowledge,1
viewpoint,1
accurately,1
enjoys,1
advocating,2
acknowledgement,1
foolish,1
heavier,1
ugrad,1
anyones,1
generalist,1
comprehension,1
preferred,2
entail,2
disinterested,1
organize,1
fes,1
availability,1
mixture,2
eventual,1
weeding,2
weakest,1
engaging,1
columbia,9
shotgun,1
mentioning,2
chatted,1
walked,1
doctorate,2
simplified,1
predicted,1
overzealous,1
reserve,2
biostatistics,2
minnesota,1
biostats,5
technologist,1
certification,6
investigate,1
passport,2
fasfa,2
accredited,3
endless,2
visa,2
adequately,1
barcelona,1
gse,1
bocconi,1
qgre,1
unattractive,1
caring,1
reus,2
fond,1
attractive,3
relayed,1
brevity,1
relay,1
synthetic,1
virtually,1
enjoyed,1
wednesday,1
quarterly,1
mechanical,2
commission,1
shape,1
fueled,1
flame,1
chem,1
partially,1
ttu,2
trick,1
looooooong,1
ucsb,3
hanging,1
debating,1
disturb,1
calgary,1
oxford,2
foremost,1
certainty,2
paraprofessional,1
midtier,1
repository,1
regionally,1
appear,2
proportion,1
advertised,1
deep,3
regrouping,1
scramble,1
collaborator,1
bench,3
july,1
unpredictable,1
recruiter,1
temporary,2
bung,1
fashion,1
canned,2
intern,2
fool,1
bulking,1
deadest,1
steer,1
straightforward,2
factual,1
arizona,1
honesty,2
rewarded,1
standing,3
constant,2
rummy,1
secrecy,1
fussing,1
disdain,1
crappy,1
redact,1
flew,1
interrupting,1
irks,1
sank,1
truthful,1
hindsight,2
operate,2
impunity,1
negatively,4
burdened,1
disclosure,1
relative,10
naturally,1
freaked,1
massively,1
snow,1
storm,1
smiley,1
adept,1
sharp,1
curl,1
surviving,1
handling,1
brutally,1
september,3
courage,1
owe,2
investment,1
rush,1
settling,1
unprecedentedly,1
faring,1
glut,1
reprieve,1
uncertain,1
boil,1
oddball,1
heterodox,1
platitude,2
scholarly,1
transforms,1
staying,3
intellectually,1
tapping,1
subscribe,1
listservs,1
creative,4
forthcoming,1
increasingly,1
defending,1
pleasure,1
madness,1
someday,1
simplify,1
mile,1
collect,1
analyze,1
creepy,1
coauthor,1
recourse,1
presently,1
numerous,4
urge,2
bankrupt,2
treat,2
risky,2
ugpa,1
ggpa,1
rely,1
reserved,1
unusual,2
alum,1
maker,1
recognize,4
lieu,1
noted,2
enrollment,3
capstone,3
progressed,1
div,1
biological,1
biotechnology,1
substitute,1
firstly,1
tremendous,1
strengthening,1
eliminating,1
intervening,1
shattered,1
formulating,1
mulled,1
template,2
video,1
holy,1
jesus,1
pipe,1
traveling,1
housing,1
judgement,1
variable,1
jealous,1
photo,1
coincidently,1
humorous,1
beefed,1
beef,2
etcetc,1
substantial,1
inside,1
ought,1
lame,1
candor,1
undeniably,1
regulatory,1
loss,3
profession,1
stat,1
heavy,4
vital,1
dime,1
earning,2
usyd,2
bothering,1
nz,1
bright,1
enquiring,1
inclined,1
allocated,1
bureaucratic,1
matriculation,1
respect,3
disappointing,1
maintained,2
crux,1
hinder,2
bash,1
wouldnt,1
min,1
coworkers,1
ppl,1
proofread,1
adversedeviant,1
popular,2
sorta,2
trial,1
dramatic,1
reasoning,1
ethic,2
warning,1
concur,1
mom,1
died,1
sophomore,1
bang,1
ruined,1
portion,3
unicorn,1
affair,1
ease,1
poli,4
pair,1
beware,1
glued,1
ruin,2
ditto,1
firsthand,1
jerker,1
overly,1
focussed,1
premiere,1
andrewff,1
addendum,1
masterpiece,1
whiny,1
snowflake,1
wiggle,1
secured,1
impromptu,1
introduction,1
plane,1
distance,1
integrated,2
cmb,1
annoy,1
urgent,1
continues,1
ur,3
respectfully,1
statistically,1
probable,1
ironic,1
arrogance,1
forbid,1
mystery,1
worthiness,1
insanityyyyy,1
unhelpful,1
appointment,1
dga,2
monday,3
sunday,1
staffed,1
wvu,1
compassionately,1
blaming,2
nominating,1
framed,2
overcame,1
dragged,1
dehumanizing,1
hardship,1
expose,1
okayish,1
perquisite,1
highlighting,1
perseverance,2
bounce,1
inspiring,3
landed,1
psychologist,3
demo,1
flexibility,1
vast,1
implementation,2
dealing,4
air,1
schooling,2
projectile,1
vomit,1
sacrificed,1
triathlon,2
masochism,1
joined,2
marginally,2
prob,2
mistaken,1
inspirational,1
ec,1
proceeded,1
mooks,1
recoup,1
taste,1
sane,1
genre,1
authentic,1
rural,2
farm,2
agriculture,2
farmer,1
hunt,2
schedule,3
complies,1
bitched,1
ツ,1
unexpected,1
mhm,1
wander,1
dedicated,3
lexicon,1
belongs,1
climatology,1
bulletpoints,1
intro,6
covering,1
hypothesis,2
restate,1
delve,1
skeleton,1
personalizing,1
dramatically,1
realise,1
favour,1
khan,1
vocab,1
vocabulary,1
composite,1
jargon,1
gi,2
tailoring,1
contextualize,1
trap,1
software,1
monkey,1
arise,1
dialogue,1
answering,2
diverting,1
advisement,1
ownership,1
dan,1
explicit,1
privacy,1
holmes,2
lenient,1
helpdesk,1
proccessing,1
encounter,1
timestamp,1
uploaded,1
racially,1
discriminated,2
vouching,1
frown,1
bitter,3
imagined,1
racist,3
drivel,2
conceited,1
discrimination,2
questionable,1
aha,1
lawsuit,1
austin,2
automatic,1
foul,1
maximize,1
blind,1
hindered,1
provost,1
charging,1
solicited,1
choosing,1
fixed,2
category,5
approximately,1
kinder,1
betting,1
hung,1
poc,1
unt,1
sizable,1
hispanic,2
breakout,1
ethnicity,1
sitch,1
derivable,1
scratch,2
item,3
herd,2
removing,1
relying,1
unreliable,1
racial,1
greatest,1
fraternity,1
brother,1
dental,1
surgery,1
dat,1
backfire,2
steered,1
storage,1
algo,1
optimization,1
hmmm,1
foundational,1
jumped,1
counselling,1
supervision,1
challenged,1
addiction,1
employed,1
magic,1
aiming,2
mumbai,1
electronics,1
determining,1
broadly,4
ocr,1
processing,1
apis,1
ieee,1
hackathon,3
sde,1
fresher,1
handwriting,1
convolutional,1
developer,1
calculate,1
calculator,1
wes,1
convert,1
credibility,1
overachiever,1
vary,1
err,1
signalling,1
undertaking,1
overqualified,1
longterm,1
negotiated,1
recc,1
scare,1
bending,1
wildlife,2
grabbed,1
mandatory,1
pen,1
narrowing,1
mocking,3
civilization,1
clever,1
crack,1
bargaining,1
gmat,1
scratching,1
dread,1
dictate,1
oooooookay,1
flattery,3
contrary,1
stupidly,1
counterintuitive,1
flatter,1
upvoted,1
sociologist,1
slacs,1
directional,1
tended,1
genius,1
summation,1
snapshot,1
repeating,2
cute,1
panda,1
logically,1
eta,2
anus,1
truer,1
picky,2
ruling,1
noisy,1
autodidact,1
sydney,1
forgoing,1
ielts,2
conducted,1
cancellation,1
pte,1
canberra,1
indian,1
facebook,1
southern,1
neu,1
brink,1
describes,1
loathe,1
wronged,1
unjustly,1
loudly,1
nitpick,1
loophole,1
intelligence,1
flawed,1
criticism,3
reminder,1
afar,1
bide,1
caused,1
competent,1
sabbatical,1
snatched,1
subconscious,1
male,2
conversely,1
suffer,1
impostor,3
syndrome,5
reporter,1
responsive,1
affordable,1
luxury,1
occur,2
allocating,1
interpret,3
interpretation,1
fuckin,1
breeze,1
abysmal,1
disheartened,1
evidenced,1
stab,1
imposter,3
resiliency,1
textbook,1
waist,1
guide,3
centered,1
cardboard,1
appearance,1
charisma,2
guidance,4
promoted,1
wizard,1
coherently,1
restricted,1
unpleasant,1
roadblock,1
butting,1
postbaccalaureate,1
ohh,1
prod,1
remainder,1
dominion,1
slowness,1
suny,2
albany,2
baruch,2
bowling,1
green,1
mason,2
south,1
fl,1
maryland,1
assed,1
placing,1
nyc,2
usf,1
sneak,1
industrial,1
curve,1
rep,1
ish,1
h,1
hub,1
matching,2
minimal,1
troubleshooting,1
bottlneck,1
involves,1
pursued,1
overstated,1
privy,1
naively,1
customary,1
flexible,1
comically,1
underestimating,1
afterthought,1
specialization,1
sequence,5
regression,1
hlm,1
sem,1
eval,1
bayesian,1
conjunction,2
skate,1
skating,1
brushing,1
generator,1
obligation,1
incorporate,1
linguistics,2
ling,2
confidential,2
foia,1
transparent,1
sue,1
avoided,1
assertive,1
audacious,1
refusing,1
oof,2
chutzpah,1
characteristically,1
rapport,1
informal,3
entered,2
hahahah,1
apologized,2
impatient,1
nah,3
silent,1
optionn,1
overreact,1
marketable,1
dc,1
shift,1
entrepreneurship,2
halftime,1
onsite,1
ecotox,1
discourage,2
expire,1
clicked,1
increasing,1
recieved,1
changing,1
exploit,1
warm,1
darndest,1
misplaced,1
forbids,1
misfit,1
fac,1
advising,1
recos,1
analytics,1
cutter,1
transitioned,2
courseload,1
remote,1
worker,1
grunt,1
compsci,1
relate,2
xkcd,1
kitten,1
antidepressant,1
healthcare,3
abstract,2
linear,3
calc,1
egg,1
practicl,1
epi,1
fixated,1
resemble,1
satisfied,1
leaving,1
fringe,1
orthotics,1
prosthetics,1
cringey,1
competence,1
feasible,1
desirable,1
uphill,1
climb,1
fulfillment,1
thrive,1
facilitate,1
spreading,1
awareness,1
partnering,1
nonprofit,1
essence,1
foolishly,1
inactive,1
monetary,1
preamble,2
footing,1
thoughtfully,1
invalid,1
fulfilling,1
clearer,1
tree,1
romanticized,1
ptsd,1
rehabilitation,1
shortcut,1
chasing,1
customer,1
apa,1
skipping,1
allude,1
inspired,2
apt,1
scholastically,1
msw,1
skews,1
wrongly,1
submittable,1
doable,1
hadnt,2
pivotal,1
legitimate,1
guided,2
classroom,2
joe,1
muster,1
knack,1
naysayer,1
visible,1
convincingly,1
observer,2
chop,1
estimate,1
notifying,2
starter,1
collaborating,1
finagle,1
feature,1
thegradcafe,2
plug,1
searched,1
obsessive,1
arrived,1
threw,1
loop,1
napping,1
deprivation,1
beeped,1
surreal,1
uic,1
recruitment,1
usc,1
stressed,1
provision,2
whereby,1
titled,1
memo,1
hassle,1
uploading,1
seperately,1
favourable,1
eec,1
released,1
arrive,1
requested,1
stipulation,1
appeared,1
processed,1
youmm,1
devastating,1
brace,1
exceedingly,1
slim,1
composition,1
edification,1
formulaic,1
magnitude,1
infinite,1
overcrowding,1
planet,1
fluff,1
overthinking,1
cleaned,1
fixating,1
reacted,1
sulking,2
commendable,2
drowning,1
sorrow,1
thicker,1
skin,1
sulk,1
microbrews,1
pizza,1
whichever,1
concession,1
drunk,1
sing,1
karaoke,1
fret,1
monies,1
calculus,1
dining,1
throne,1
pretending,1
maester,1
rip,1
adopt,1
bag,1
catnip,1
downloaded,1
magoosh,1
flashcard,1
registered,1
tox,1
acquire,1
orgo,1
interdiscplinary,1
specializiation,1
distal,1
orthogonal,1
doxxing,1
anxiously,1
thru,1
ethnopharma,1
venture,1
omnipresent,1
striving,1
distinction,1
offended,1
worded,1
calming,1
summarized,1
xxxx,1
acknowledges,1
eng,1
waitlisting,3
astrophysics,3
beside,1
imply,1
ops,1
clarity,1
conundrum,1
texting,1
breaking,1
postgraduate,1
bruh,1
inevitable,1
sidebar,1
spelled,1
banned,1
trolling,1
blindfolded,2
liaison,1
deflated,1
comprehend,1
omg,1
exempted,1
presenting,1
sfu,1
winning,1
sshrc,1
correspond,1
reflection,1
munich,1
ku,1
leuven,1
horror,1
bury,1
activites,1
vi,1
tying,1
dart,1
instruction,1
wonky,1
whats,1
douchy,1
unfilled,1
adhere,1
pettiness,1
targeting,1
ill,1
valid,3
violator,1
uncompetitive,1
smash,1
narrative,1
pro,1
brilliance,1
provable,1
extracting,1
reservation,1
clubbed,1
leveraged,1
concentration,1
smth,1
jh,1
coffin,1
ensuring,1
illustrate,1
olympiad,1
putbam,1
winner,1
performed,1
multidisciplinary,1
staggering,1
culminating,1
photovoltaics,1
biocompatibility,1
au,1
nanoparticles,1
nanofabrication,1
conductive,1
polymer,1
characterization,1
cosmological,1
testing,1
diverse,1
motivates,1
farther,3
misconception,1
appropriately,1
sucky,1
saturated,1
refocus,1
dot,1
sociocultural,1
ruining,1
antho,1
forensic,1
anthropological,1
twisted,1
dna,1
rolled,1
solidify,1
staking,1
saturation,1
dismissed,1
circled,1
wagon,1
behalf,1
blindsided,1
bff,1
traction,1
unfold,1
silver,1
lining,1
savor,1
refine,1
dedicate,1
trudging,1
car,1
highway,1
ml,2
underperform,1
turnaround,2
dallas,1
kidding,1
companion,1
curriculum,1
recall,1
introductory,1
conferred,1
transition,1
architecture,1
wager,1
illuminate,1
concept,1
accessible,1
brute,1
forcing,1
eagle,2
regretted,1
fighter,1
shortage,1
fascinating,1
prevalent,2
nurture,1
hinders,1
agrees,1
ymmv,1
rhetorical,1
backward,1
webpage,1
epidemiology,1
agreeing,1
sifting,1
uofm,2
uwash,2
risen,1
bearer,1
north,1
carolina,1
ncsu,1
biophyiscs,1
lesbian,1
dance,1
matriculants,1
